,GDP,Date,FEDFUNDS,CPIAUCSL,UNRATE,GS10,INDPRO,PPIACO,RSXFS,HOUST,PSAVERT
0,6363.102,1992-01-01,4.03,138.3,7.3,7.03,61.4823,115.6,146925.0,1176.0,9.5
1,,1992-02-01,4.06,138.6,7.4,7.34,61.9192,116.0,147223.0,1250.0,9.8
2,,1992-03-01,3.98,139.1,7.4,7.54,62.4403,116.1,146805.0,1297.0,9.7
3,6470.763,1992-04-01,3.73,139.4,7.4,7.48,62.9199,116.3,148032.0,1099.0,9.8
4,,1992-05-01,3.82,139.7,7.6,7.39,63.1268,117.2,149010.0,1214.0,9.8
5,,1992-06-01,3.76,140.1,7.8,7.26,63.1624,118.0,149800.0,1145.0,10.0
6,6566.641,1992-07-01,3.25,140.5,7.7,6.84,63.7348,117.9,150761.0,1139.0,9.5
7,,1992-08-01,3.3,140.8,7.6,6.59,63.3802,117.7,151067.0,1226.0,9.6
8,,1992-09-01,3.22,141.1,7.6,6.42,63.5834,118.0,152588.0,1186.0,8.6
9,6680.803,1992-10-01,3.1,141.7,7.3,6.59,64.0178,118.1,153521.0,1244.0,7.9
10,,1992-11-01,3.09,142.1,7.4,6.87,64.2628,117.8,153583.0,1214.0,7.9
11,,1992-12-01,2.92,142.3,7.4,6.77,64.3599,117.6,155614.0,1227.0,10.5
12,6729.459,1993-01-01,3.02,142.8,7.3,6.6,64.6135,118.0,157555.0,1210.0,8.5
13,,1993-02-01,3.03,143.1,7.1,6.26,64.9262,118.4,156266.0,1210.0,8.8
14,,1993-03-01,3.07,143.3,7.0,5.98,64.8627,118.7,154752.0,1083.0,8.8
15,6808.939,1993-04-01,2.96,143.8,7.1,5.97,65.0423,119.3,158979.0,1258.0,8.7
16,,1993-05-01,3.0,144.2,7.1,6.04,64.8006,119.7,160605.0,1260.0,8.2
17,,1993-06-01,3.04,144.3,7.0,5.96,64.9476,119.5,160127.0,1280.0,7.7
18,6882.098,1993-07-01,3.06,144.5,6.9,5.81,65.1142,119.2,162816.0,1254.0,7.5
19,,1993-08-01,3.03,144.8,6.8,5.68,65.0421,118.7,162506.0,1300.0,7.6
20,,1993-09-01,3.09,145.0,6.7,5.36,65.3749,118.7,163258.0,1343.0,6.8
21,7013.738,1993-10-01,2.99,145.6,6.8,5.33,65.863,119.1,164685.0,1392.0,6.2
22,,1993-11-01,3.02,146.0,6.6,5.72,66.1696,119.0,166594.0,1376.0,6.2
23,,1993-12-01,2.96,146.3,6.5,5.77,66.5531,118.6,168161.0,1533.0,9.0
24,7115.652,1994-01-01,3.05,146.3,6.6,5.75,66.7591,119.1,167518.0,1272.0,7.0
25,,1994-02-01,3.25,146.7,6.6,5.97,66.8019,119.3,169649.0,1337.0,6.4
26,,1994-03-01,3.34,147.1,6.5,6.48,67.4704,119.7,172766.0,1564.0,6.7
27,7246.931,1994-04-01,3.56,147.2,6.4,6.97,67.8707,119.7,173106.0,1465.0,6.3
28,,1994-05-01,4.01,147.5,6.1,7.18,68.187,119.9,172329.0,1526.0,7.5
29,,1994-06-01,4.25,147.9,6.1,7.1,68.645,120.5,174241.0,1409.0,6.8
30,7331.075,1994-07-01,4.26,148.4,6.1,7.3,68.7317,120.7,174781.0,1439.0,6.9
31,,1994-08-01,4.47,149.0,6.0,7.24,69.1882,121.2,177295.0,1450.0,6.4
32,,1994-09-01,4.73,149.3,5.9,7.46,69.3935,121.0,178787.0,1474.0,6.7
33,7455.288,1994-10-01,4.76,149.4,5.8,7.74,69.9576,120.9,180561.0,1450.0,7.0
34,,1994-11-01,5.29,149.8,5.6,7.96,70.4288,121.5,180703.0,1511.0,6.9
35,,1994-12-01,5.45,150.1,5.5,7.81,71.1273,121.9,181524.0,1455.0,7.0
36,7522.289,1995-01-01,5.53,150.5,5.6,7.78,71.2635,122.9,182413.0,1407.0,7.3
37,,1995-02-01,5.92,150.9,5.4,7.47,71.1758,123.5,179488.0,1316.0,7.7
38,,1995-03-01,5.98,151.2,5.4,7.2,71.2796,123.9,181013.0,1249.0,7.4
39,7580.997,1995-04-01,6.05,151.8,5.8,7.06,71.1538,124.6,181686.0,1267.0,6.8
40,,1995-05-01,6.01,152.1,5.6,6.63,71.4997,124.9,183536.0,1314.0,7.0
41,,1995-06-01,6.0,152.4,5.6,6.17,71.7327,125.3,186081.0,1281.0,6.5
42,7683.125,1995-07-01,5.85,152.6,5.7,6.28,71.4334,125.3,185431.0,1461.0,6.9
43,,1995-08-01,5.74,152.9,5.7,6.49,72.3723,125.1,186806.0,1416.0,6.6
44,,1995-09-01,5.8,153.1,5.6,6.2,72.6543,125.2,187366.0,1369.0,6.6
45,7772.586,1995-10-01,5.76,153.5,5.5,6.04,72.5336,125.3,186565.0,1369.0,7.0
46,,1995-11-01,5.8,153.7,5.6,5.93,72.717,125.4,189055.0,1452.0,6.4
47,,1995-12-01,5.6,153.9,5.6,5.71,72.9638,125.7,190774.0,1431.0,6.0
48,7868.468,1996-01-01,5.56,154.7,5.6,5.65,72.5712,126.3,189135.0,1467.0,6.5
49,,1996-02-01,5.22,155.0,5.5,5.81,73.6207,126.2,192266.0,1491.0,6.6
50,,1996-03-01,5.31,155.5,5.5,6.27,73.5141,126.4,194029.0,1424.0,6.4
51,8032.84,1996-04-01,5.22,156.1,5.6,6.51,74.2491,127.4,194744.0,1516.0,5.5
52,,1996-05-01,5.24,156.4,5.6,6.74,74.8142,128.1,196205.0,1504.0,6.5
53,,1996-06-01,5.27,156.7,5.3,6.91,75.3726,128.0,196136.0,1467.0,6.9
54,8131.408,1996-07-01,5.4,157.0,5.5,6.87,75.3738,128.0,196187.0,1472.0,6.5
55,,1996-08-01,5.22,157.2,5.1,6.64,75.7557,128.3,196218.0,1557.0,6.4
56,,1996-09-01,5.3,157.7,5.2,6.83,76.2302,128.2,198859.0,1475.0,6.4
57,8259.771,1996-10-01,5.24,158.2,5.2,6.53,76.2157,128.0,200509.0,1392.0,6.1
58,,1996-11-01,5.31,158.7,5.4,6.2,76.8973,128.2,200174.0,1489.0,6.2
59,,1996-12-01,5.29,159.1,5.4,6.3,77.3772,129.1,201284.0,1370.0,6.1
60,8362.655,1997-01-01,5.25,159.4,5.3,6.58,77.5135,129.7,202371.0,1355.0,5.9
61,,1997-02-01,5.19,159.7,5.2,6.42,78.4255,128.5,204286.0,1486.0,6.0
62,,1997-03-01,5.39,159.8,5.2,6.69,78.9197,127.3,204990.0,1457.0,6.1
63,8518.825,1997-04-01,5.51,159.9,5.1,6.89,78.9848,127.0,203399.0,1492.0,6.2
64,,1997-05-01,5.5,159.9,4.9,6.71,79.4296,127.4,201699.0,1442.0,6.5
65,,1997-06-01,5.56,160.2,5.0,6.49,79.7971,127.2,204675.0,1494.0,6.3
66,8662.823,1997-07-01,5.52,160.4,4.9,6.22,80.4666,126.9,207014.0,1437.0,5.8
67,,1997-08-01,5.54,160.8,4.8,6.3,81.2825,127.2,207635.0,1390.0,5.7
68,,1997-09-01,5.54,161.2,4.9,6.21,82.0327,127.5,208326.0,1546.0,5.9
69,8765.907,1997-10-01,5.5,161.5,4.7,6.03,82.7656,127.8,208078.0,1520.0,5.9
70,,1997-11-01,5.52,161.7,4.6,5.88,83.427,127.9,208936.0,1510.0,6.1
71,,1997-12-01,5.5,161.8,4.7,5.81,83.784,126.8,209363.0,1566.0,6.1
72,8866.48,1998-01-01,5.56,162.0,4.6,5.54,84.1564,125.4,209666.0,1525.0,7.0
73,,1998-02-01,5.51,162.0,4.6,5.57,84.3066,125.0,209552.0,1584.0,7.0
74,,1998-03-01,5.49,162.0,4.7,5.65,84.342,124.7,210832.0,1567.0,7.1
75,8969.699,1998-04-01,5.45,162.2,4.3,5.64,84.6339,124.9,213633.0,1540.0,6.9
76,,1998-05-01,5.49,162.6,4.4,5.65,85.1867,125.1,214639.0,1536.0,6.6
77,,1998-06-01,5.56,162.8,4.5,5.5,84.6809,124.8,216337.0,1641.0,6.5
78,9121.097,1998-07-01,5.54,163.2,4.5,5.46,84.3445,124.9,214841.0,1698.0,6.6
79,,1998-08-01,5.55,163.4,4.5,5.34,86.0816,124.2,213636.0,1614.0,6.5
80,,1998-09-01,5.51,163.5,4.6,4.81,86.0023,123.8,215720.0,1582.0,6.1
81,9293.991,1998-10-01,5.07,163.9,4.5,4.53,86.591,124.0,219483.0,1715.0,5.9
82,,1998-11-01,4.83,164.1,4.4,4.83,86.5115,123.6,221134.0,1660.0,6.0
83,,1998-12-01,4.68,164.4,4.4,4.65,86.8615,122.8,223179.0,1792.0,5.5
84,9411.682,1999-01-01,4.63,164.7,4.3,4.72,87.2205,122.9,223997.0,1748.0,6.1
85,,1999-02-01,4.76,164.7,4.4,5.0,87.726,122.3,226250.0,1670.0,6.0
86,,1999-03-01,4.81,164.8,4.2,5.23,87.9125,122.6,227417.0,1710.0,5.6
87,9526.21,1999-04-01,4.74,165.9,4.3,5.18,88.1082,123.6,229037.0,1553.0,4.7
88,,1999-05-01,4.74,166.0,4.2,5.54,88.6483,124.7,231235.0,1611.0,4.4
89,,1999-06-01,4.76,166.0,4.3,5.9,88.5903,125.2,231903.0,1559.0,4.3
90,9686.626,1999-07-01,4.99,166.7,4.3,5.79,89.1098,125.7,233948.0,1669.0,4.4
91,,1999-08-01,5.07,167.1,4.2,5.94,89.5007,126.9,236566.0,1648.0,4.3
92,,1999-09-01,5.22,167.8,4.2,5.92,89.1304,128.0,237481.0,1635.0,3.7
93,9900.169,1999-10-01,5.2,168.1,4.1,6.11,90.2709,127.7,237553.0,1608.0,4.0
94,,1999-11-01,5.42,168.4,4.1,6.03,90.7528,128.3,240544.0,1648.0,4.1
95,,1999-12-01,5.3,168.8,4.0,6.28,91.4784,127.8,245485.0,1708.0,3.7
96,10002.179,2000-01-01,5.45,169.3,4.0,6.66,91.4092,128.3,243436.0,1636.0,4.5
97,,2000-02-01,5.73,170.0,4.1,6.52,91.7245,129.8,247133.0,1737.0,4.0
98,,2000-03-01,5.85,171.0,4.0,6.26,92.083,130.8,249825.0,1604.0,3.8
99,10247.72,2000-04-01,6.02,170.9,3.8,5.99,92.6659,130.7,245831.0,1626.0,4.3
100,,2000-05-01,6.27,171.2,4.0,6.44,92.9347,131.6,246201.0,1575.0,4.3
101,,2000-06-01,6.53,172.2,4.0,6.1,93.0018,133.8,248160.0,1559.0,4.3
102,10318.165,2000-07-01,6.54,172.7,4.0,6.05,92.8373,133.7,247176.0,1463.0,4.7
103,,2000-08-01,6.5,172.7,4.1,5.83,92.591,132.9,247576.0,1541.0,4.8
104,,2000-09-01,6.52,173.6,3.9,5.8,92.9827,134.7,251837.0,1507.0,4.1
105,10435.744,2000-10-01,6.51,173.9,3.9,5.74,92.64,135.4,251221.0,1549.0,4.3
106,,2000-11-01,6.51,174.2,3.9,5.72,92.6604,135.0,250331.0,1551.0,4.3
107,,2000-12-01,6.4,174.6,3.9,5.24,92.3457,136.2,250658.0,1532.0,4.1
108,10470.231,2001-01-01,5.98,175.6,4.2,5.16,91.8908,140.0,252654.0,1600.0,4.5
109,,2001-02-01,5.49,176.0,4.2,5.1,91.2851,137.4,252704.0,1625.0,4.6
110,,2001-03-01,5.31,176.1,4.3,4.89,91.0585,135.9,250328.0,1590.0,4.9
111,10599.0,2001-04-01,4.8,176.4,4.4,5.14,90.7384,136.4,254763.0,1649.0,4.8
112,,2001-05-01,4.21,177.3,4.3,5.39,90.2607,136.8,255218.0,1605.0,4.3
113,,2001-06-01,3.97,177.7,4.5,5.28,89.7811,135.5,254022.0,1636.0,4.2
114,10598.02,2001-07-01,3.77,177.4,4.6,5.24,89.2352,133.4,252997.0,1670.0,5.4
115,,2001-08-01,3.65,177.4,4.9,4.97,89.157,133.4,254560.0,1567.0,6.5
116,,2001-09-01,3.07,178.1,5.0,4.73,88.6749,133.3,249845.0,1562.0,6.9
117,10660.465,2001-10-01,2.49,177.6,5.3,4.57,88.4051,130.3,267999.0,1540.0,2.9
118,,2001-11-01,2.09,177.5,5.5,4.65,87.886,129.8,260514.0,1602.0,3.4
119,,2001-12-01,1.82,177.4,5.7,5.09,87.8518,128.1,256549.0,1568.0,3.7
120,10783.5,2002-01-01,1.73,177.7,5.7,5.04,88.4634,128.5,256307.0,1698.0,5.6
121,,2002-02-01,1.74,178.0,5.7,4.91,88.4578,128.4,257670.0,1829.0,5.4
122,,2002-03-01,1.73,178.5,5.7,5.28,89.1265,129.8,257059.0,1642.0,5.5
123,10887.46,2002-04-01,1.75,179.3,5.9,5.21,89.5507,130.8,261333.0,1592.0,5.4
124,,2002-05-01,1.75,179.5,5.8,5.16,89.9348,130.8,257573.0,1764.0,6.1
125,,2002-06-01,1.75,179.6,5.8,4.93,90.6736,130.9,259786.0,1717.0,6.1
126,10984.04,2002-07-01,1.73,180.0,5.8,4.65,90.6436,131.2,262769.0,1655.0,5.3
127,,2002-08-01,1.74,180.5,5.7,4.26,90.5505,131.5,265043.0,1633.0,5.2
128,,2002-09-01,1.75,180.8,5.7,3.87,90.6373,132.3,260626.0,1804.0,5.8
129,11061.433,2002-10-01,1.75,181.2,5.7,3.94,90.3988,133.2,261953.0,1648.0,5.6
130,,2002-11-01,1.34,181.5,5.9,4.05,90.8947,133.1,263568.0,1753.0,5.6
131,,2002-12-01,1.24,181.8,6.0,4.03,90.3906,132.9,265930.0,1788.0,5.3
132,11174.129,2003-01-01,1.24,182.6,5.8,4.05,91.1369,135.3,267230.0,1853.0,5.3
133,,2003-02-01,1.26,183.6,5.9,3.9,91.2505,137.6,263188.0,1629.0,5.2
134,,2003-03-01,1.25,183.9,5.9,3.81,91.0006,141.2,267820.0,1726.0,4.9
135,11312.766,2003-04-01,1.26,183.2,6.0,3.96,90.4311,136.8,267197.0,1643.0,5.0
136,,2003-05-01,1.26,182.9,6.1,3.57,90.4,136.7,267362.0,1751.0,5.3
137,,2003-06-01,1.22,183.1,6.3,3.33,90.5196,138.0,270396.0,1867.0,5.1
138,11566.669,2003-07-01,1.01,183.7,6.2,3.98,90.9869,137.7,273352.0,1897.0,5.9
139,,2003-08-01,1.03,184.5,6.1,4.45,90.7933,138.0,277965.0,1833.0,5.7
140,,2003-09-01,1.01,185.1,6.1,4.27,91.3819,138.5,276430.0,1939.0,4.9
141,11772.234,2003-10-01,1.01,184.9,6.0,4.29,91.5049,139.3,274764.0,1967.0,5.0
142,,2003-11-01,1.0,185.0,5.8,4.3,92.1265,138.9,278298.0,2083.0,5.0
143,,2003-12-01,0.98,185.5,5.7,4.27,92.1732,139.5,277612.0,2057.0,5.0
144,11923.447,2004-01-01,1.0,186.3,5.7,4.15,92.3268,141.4,278913.0,1911.0,4.6
145,,2004-02-01,1.01,186.7,5.6,4.08,92.8995,142.1,280932.0,1846.0,4.6
146,,2004-03-01,1.0,187.1,5.8,3.83,92.5368,143.1,286209.0,1998.0,4.5
147,12112.815,2004-04-01,1.0,187.4,5.6,4.35,92.8957,144.8,282952.0,2003.0,4.9
148,,2004-05-01,1.0,188.2,5.6,4.72,93.5845,146.8,288252.0,1981.0,4.8
149,,2004-06-01,1.03,188.9,5.6,4.73,92.8651,147.2,284133.0,1828.0,5.4
150,12305.307,2004-07-01,1.26,189.1,5.5,4.5,93.5502,147.4,287358.0,2002.0,4.7
151,,2004-08-01,1.43,189.2,5.4,4.28,93.6301,148.0,287941.0,2024.0,4.7
152,,2004-09-01,1.61,189.8,5.4,4.13,93.7353,147.7,293139.0,1905.0,4.1
153,12527.214,2004-10-01,1.76,190.8,5.5,4.1,94.5695,150.0,295115.0,2072.0,3.9
154,,2004-11-01,1.93,191.7,5.4,4.19,94.8015,151.4,296177.0,1782.0,3.4
155,,2004-12-01,2.16,191.7,5.4,4.23,95.5415,150.2,299763.0,2042.0,6.2
156,12767.286,2005-01-01,2.28,191.6,5.3,4.22,95.8785,150.9,296696.0,2144.0,2.7
157,,2005-02-01,2.5,192.4,5.4,4.17,96.5709,151.6,300557.0,2207.0,2.3
158,,2005-03-01,2.63,193.1,5.2,4.5,96.4345,153.7,301308.0,1864.0,2.5
159,12922.656,2005-04-01,2.79,193.7,5.2,4.34,96.6347,155.0,303760.0,2061.0,2.1
160,,2005-05-01,3.0,193.6,5.1,4.14,96.7251,154.3,301776.0,2025.0,2.6
161,,2005-06-01,3.04,193.7,5.0,4.0,97.1483,154.3,310989.0,2068.0,2.0
162,13142.642,2005-07-01,3.26,194.9,5.0,4.18,96.8397,156.3,313520.0,2054.0,1.4
163,,2005-08-01,3.5,196.1,4.9,4.26,97.1584,157.6,310046.0,2095.0,2.0
164,,2005-09-01,3.62,198.8,5.0,4.2,95.2764,162.2,310673.0,2151.0,2.0
165,13324.204,2005-10-01,3.78,199.1,5.0,4.46,96.4411,166.2,310479.0,2065.0,2.3
166,,2005-11-01,4.0,198.1,5.0,4.54,97.5016,163.7,313303.0,2147.0,2.6
167,,2005-12-01,4.16,198.1,4.9,4.47,97.9723,163.0,313473.0,1994.0,2.5
168,13599.16,2006-01-01,4.29,199.3,4.7,4.42,98.127,164.3,322348.0,2273.0,3.0
169,,2006-02-01,4.49,199.4,4.8,4.57,98.1687,161.8,320171.0,2119.0,3.2
170,,2006-03-01,4.59,199.7,4.7,4.72,98.3913,162.2,320869.0,1969.0,3.3
171,13753.424,2006-04-01,4.79,200.7,4.7,4.99,98.6826,164.3,322561.0,1821.0,3.1
172,,2006-05-01,4.94,201.3,4.6,5.11,98.7074,165.8,321794.0,1942.0,2.9
173,,2006-06-01,4.99,201.8,4.6,5.11,99.0398,166.1,323184.0,1802.0,2.9
174,13870.188,2006-07-01,5.24,202.9,4.7,5.09,98.9751,166.8,324204.0,1737.0,2.3
175,,2006-08-01,5.25,203.8,4.7,4.88,99.4047,167.9,325324.0,1650.0,2.5
176,,2006-09-01,5.25,202.8,4.5,4.72,99.2246,165.4,323236.0,1720.0,2.4
177,14039.56,2006-10-01,5.25,201.9,4.4,4.73,99.1229,162.2,322678.0,1491.0,2.4
178,,2006-11-01,5.25,202.0,4.5,4.6,99.0963,164.6,323343.0,1570.0,2.7
179,,2006-12-01,5.24,203.1,4.4,4.56,100.1125,165.6,326849.0,1649.0,2.6
180,14215.651,2007-01-01,5.25,203.437,4.6,4.76,99.7546,164.0,327181.0,1409.0,2.4
181,,2007-02-01,5.26,204.226,4.5,4.72,100.7166,166.8,327953.0,1480.0,2.8
182,,2007-03-01,5.26,205.288,4.4,4.56,100.8952,169.3,330579.0,1495.0,3.0
183,14402.082,2007-04-01,5.25,205.904,4.5,4.69,101.5723,171.4,329560.0,1490.0,3.0
184,,2007-05-01,5.25,206.755,4.4,4.75,101.6269,173.3,334202.0,1415.0,2.8
185,,2007-06-01,5.25,207.234,4.6,5.1,101.6547,173.8,331076.0,1448.0,2.7
186,14564.117,2007-07-01,5.26,207.603,4.7,5.0,101.4953,175.1,332342.0,1354.0,2.6
187,,2007-08-01,5.02,207.667,4.6,4.67,101.6943,172.4,334169.0,1330.0,2.2
188,,2007-09-01,4.94,208.547,4.7,4.52,101.9428,173.5,335442.0,1183.0,2.3
189,14715.058,2007-10-01,4.76,209.19,4.7,4.53,101.6446,174.7,337530.0,1264.0,2.2
190,,2007-11-01,4.49,210.834,4.7,4.15,102.2167,179.0,341133.0,1197.0,1.9
191,,2007-12-01,4.24,211.445,5.0,4.1,102.2764,178.6,336189.0,1037.0,2.4
192,14706.538,2008-01-01,3.94,212.174,5.0,3.74,102.1493,181.0,337412.0,1084.0,2.6
193,,2008-02-01,2.98,212.687,4.9,3.74,101.7756,182.7,334584.0,1103.0,3.0
194,,2008-03-01,2.61,213.448,5.1,3.51,101.4508,187.9,335193.0,1005.0,2.9
195,14865.701,2008-04-01,2.28,213.942,5.0,3.68,100.7554,190.9,334843.0,1013.0,2.4
196,,2008-05-01,1.98,215.208,5.4,3.88,100.1336,196.6,337947.0,973.0,6.8
197,,2008-06-01,2.0,217.463,5.6,4.1,99.8728,200.5,338311.0,1046.0,4.6
198,14898.999,2008-07-01,2.01,219.016,5.8,4.01,99.4194,205.5,336771.0,923.0,3.6
199,,2008-08-01,2.0,218.69,6.1,3.89,97.8491,199.0,334045.0,844.0,3.1
200,,2008-09-01,1.81,218.877,6.1,3.69,93.5576,196.9,328343.0,820.0,3.9
201,14608.209,2008-10-01,0.97,216.995,6.5,3.81,94.4985,186.4,314830.0,777.0,4.9
202,,2008-11-01,0.39,213.153,6.8,3.53,93.2617,176.8,301332.0,652.0,6.0
203,,2008-12-01,0.16,211.398,7.3,2.42,90.6266,170.9,294025.0,560.0,5.8
204,14430.902,2009-01-01,0.15,211.933,7.8,2.52,88.3712,171.2,298673.0,490.0,5.9
205,,2009-02-01,0.22,212.705,8.3,2.87,87.843,169.3,297631.0,582.0,5.4
206,,2009-03-01,0.18,212.495,8.7,2.82,86.4689,168.1,292300.0,505.0,5.8
207,14381.236,2009-04-01,0.15,212.709,9.0,2.93,85.7903,169.1,293614.0,478.0,6.5
208,,2009-05-01,0.18,213.022,9.4,3.29,84.9436,170.8,296501.0,540.0,7.8
209,,2009-06-01,0.21,214.79,9.5,3.72,84.6746,174.1,302169.0,585.0,6.1
210,14448.882,2009-07-01,0.16,214.726,9.5,3.56,85.6853,172.5,302802.0,594.0,5.4
211,,2009-08-01,0.16,215.445,9.6,3.59,86.6393,175.0,309023.0,586.0,4.4
212,,2009-09-01,0.15,215.861,9.8,3.4,87.3821,174.1,301033.0,585.0,5.5
213,14651.249,2009-10-01,0.12,216.509,10.0,3.39,87.5809,175.2,304154.0,534.0,5.1
214,,2009-11-01,0.12,217.234,9.9,3.4,87.9388,177.4,306675.0,588.0,5.5
215,,2009-12-01,0.12,217.347,9.9,3.59,88.2404,178.1,308413.0,581.0,5.4
216,14764.61,2010-01-01,0.11,217.488,9.8,3.73,89.1897,181.9,308229.0,614.0,5.6
217,,2010-02-01,0.13,217.281,9.8,3.69,89.5046,181.0,308457.0,604.0,5.3
218,,2010-03-01,0.16,217.353,9.9,3.73,90.1356,183.3,315743.0,636.0,5.3
219,14980.193,2010-04-01,0.2,217.403,9.9,3.85,90.4607,184.4,318696.0,687.0,6.0
220,,2010-05-01,0.2,217.29,9.6,3.42,91.7014,184.8,315409.0,583.0,6.4
221,,2010-06-01,0.18,217.199,9.4,3.2,91.9033,183.5,314770.0,536.0,6.2
222,15141.607,2010-07-01,0.18,217.605,9.4,3.01,92.2549,184.1,315684.0,546.0,6.1
223,,2010-08-01,0.19,217.923,9.5,2.7,92.5936,184.9,317008.0,599.0,6.2
224,,2010-09-01,0.19,218.275,9.5,2.65,92.8533,184.9,320014.0,594.0,6.1
225,15309.474,2010-10-01,0.19,219.035,9.4,2.54,92.6033,186.6,323990.0,543.0,5.9
226,,2010-11-01,0.19,219.59,9.8,2.76,92.6686,187.7,327341.0,545.0,5.8
227,,2010-12-01,0.18,220.472,9.3,3.29,93.5916,189.7,329670.0,539.0,6.2
228,15351.448,2011-01-01,0.17,221.187,9.1,3.39,93.3889,192.7,332141.0,630.0,6.6
229,,2011-02-01,0.16,221.898,9.0,3.58,93.0045,195.8,334635.0,517.0,6.9
230,,2011-03-01,0.14,223.046,9.0,3.41,93.9684,199.2,337892.0,600.0,6.3
231,15557.539,2011-04-01,0.1,224.093,9.1,3.46,93.6571,203.1,339711.0,554.0,6.3
232,,2011-05-01,0.09,224.806,9.0,3.17,93.7723,204.1,338974.0,561.0,6.3
233,,2011-06-01,0.09,224.806,9.1,3.0,94.0493,203.9,341643.0,608.0,6.5
234,15647.68,2011-07-01,0.07,225.395,9.0,3.0,94.4958,204.6,341321.0,623.0,6.7
235,,2011-08-01,0.1,226.106,9.0,2.3,95.0974,203.2,341973.0,585.0,6.7
236,,2011-09-01,0.08,226.597,9.0,1.98,95.0244,203.7,345554.0,650.0,6.4
237,15842.259,2011-10-01,0.07,226.75,8.8,2.15,95.6891,201.1,347691.0,610.0,6.3
238,,2011-11-01,0.08,227.169,8.6,2.01,95.6778,201.4,349082.0,711.0,6.4
239,,2011-12-01,0.07,227.223,8.5,1.98,96.1809,199.8,349646.0,694.0,7.2
240,16068.805,2012-01-01,0.08,227.842,8.3,1.97,96.7595,200.7,352564.0,723.0,7.4
241,,2012-02-01,0.1,228.329,8.3,1.97,97.0662,201.6,357350.0,704.0,7.3
242,,2012-03-01,0.13,228.807,8.2,2.17,96.5609,204.2,358627.0,695.0,7.6
243,16207.115,2012-04-01,0.14,229.187,8.2,2.05,97.251,203.7,356607.0,753.0,7.9
244,,2012-05-01,0.16,228.713,8.2,1.8,97.4595,201.9,355867.0,708.0,7.9
245,,2012-06-01,0.16,228.524,8.2,1.62,97.4768,199.8,352053.0,757.0,7.9
246,16319.541,2012-07-01,0.16,228.59,8.2,1.53,97.6714,200.1,353688.0,740.0,7.0
247,,2012-08-01,0.13,229.918,8.1,1.68,97.2734,202.7,358499.0,754.0,6.7
248,,2012-09-01,0.14,231.015,7.8,1.72,97.2217,204.4,361272.0,847.0,7.2
249,16420.419,2012-10-01,0.16,231.638,7.8,1.75,97.5311,203.5,361685.0,915.0,7.8
250,,2012-11-01,0.16,231.249,7.7,1.65,97.9084,201.8,362788.0,833.0,8.7
251,,2012-12-01,0.16,231.221,7.9,1.72,98.1884,201.5,364127.0,976.0,10.9
252,16648.189,2013-01-01,0.14,231.679,8.0,1.91,98.1736,202.5,366967.0,888.0,4.9
253,,2013-02-01,0.15,232.937,7.7,1.98,98.6434,204.3,372138.0,962.0,4.7
254,,2013-03-01,0.14,232.282,7.5,1.96,99.047,204.0,368962.0,1010.0,4.8
255,16728.687,2013-04-01,0.15,231.797,7.6,1.76,98.9445,203.5,367040.0,835.0,5.1
256,,2013-05-01,0.11,231.893,7.5,1.93,99.0383,204.1,369500.0,930.0,5.3
257,,2013-06-01,0.09,232.445,7.5,2.3,99.2221,204.3,370730.0,839.0,5.4
258,16953.838,2013-07-01,0.09,232.9,7.3,2.58,98.8987,204.4,373090.0,880.0,5.2
259,,2013-08-01,0.08,233.456,7.2,2.74,99.4897,204.2,372210.0,917.0,5.2
260,,2013-09-01,0.08,233.544,7.2,2.81,100.021,203.9,372302.0,850.0,5.3
261,17192.019,2013-10-01,0.09,233.669,7.2,2.62,99.9037,202.5,373253.0,925.0,4.7
262,,2013-11-01,0.08,234.1,6.9,2.72,100.1582,201.2,373756.0,1100.0,4.5
263,,2013-12-01,0.09,234.719,6.7,2.9,100.374,202.0,376445.0,1002.0,4.5
264,17197.738,2014-01-01,0.07,235.288,6.6,2.86,99.9899,203.8,373083.0,888.0,5.2
265,,2014-02-01,0.07,235.547,6.7,2.71,100.7471,205.7,378355.0,944.0,5.3
266,,2014-03-01,0.08,236.028,6.7,2.72,101.7435,207.0,382101.0,970.0,5.2
267,17518.508,2014-04-01,0.09,236.468,6.2,2.71,101.8273,208.3,386376.0,1043.0,5.4
268,,2014-05-01,0.09,236.918,6.3,2.56,102.2392,208.0,386735.0,1007.0,5.6
269,,2014-06-01,0.1,237.231,6.1,2.6,102.5774,208.3,387708.0,911.0,5.6
270,17804.228,2014-07-01,0.09,237.498,6.2,2.54,102.7954,208.0,388043.0,1085.0,5.5
271,,2014-08-01,0.09,237.46,6.1,2.42,102.6322,207.0,391074.0,984.0,5.3
272,,2014-09-01,0.09,237.477,5.9,2.53,102.9417,206.4,389456.0,1023.0,5.5
273,17912.079,2014-10-01,0.09,237.43,5.7,2.3,102.9611,203.4,390413.0,1074.0,5.4
274,,2014-11-01,0.09,236.983,5.8,2.33,103.5978,200.9,391491.0,1001.0,5.6
275,,2014-12-01,0.12,236.252,5.6,2.21,103.6151,197.0,388012.0,1073.0,6.0
276,18063.529,2015-01-01,0.11,234.747,5.7,1.88,102.7923,192.0,385312.0,1085.0,6.3
277,,2015-02-01,0.11,235.342,5.5,1.98,102.1366,191.1,384779.0,886.0,6.4
278,,2015-03-01,0.11,235.976,5.4,2.04,101.7869,191.5,390738.0,960.0,5.9
279,18279.784,2015-04-01,0.12,236.222,5.4,1.94,101.2255,190.9,391246.0,1190.0,5.9
280,,2015-05-01,0.12,237.001,5.6,2.2,100.7675,193.4,394260.0,1079.0,5.8
281,,2015-06-01,0.13,237.657,5.3,2.36,100.4588,194.8,394652.0,1205.0,5.7
282,18401.626,2015-07-01,0.13,238.034,5.2,2.32,101.0893,193.9,397994.0,1146.0,5.6
283,,2015-08-01,0.14,238.033,5.1,2.17,100.9165,191.9,397712.0,1130.0,5.6
284,,2015-09-01,0.14,237.498,5.0,2.17,100.633,189.1,395625.0,1224.0,5.8
285,18435.137,2015-10-01,0.12,237.733,5.0,2.07,100.1563,187.5,394121.0,1058.0,5.8
286,,2015-11-01,0.12,238.017,5.1,2.26,99.4366,185.7,395827.0,1172.0,5.6
287,,2015-12-01,0.24,237.761,5.0,2.24,98.9471,183.5,396822.0,1146.0,5.8
288,18525.933,2016-01-01,0.34,237.652,4.8,2.09,99.4391,182.6,394305.0,1092.0,6.1
289,,2016-02-01,0.38,237.336,4.9,1.78,98.9232,181.3,397747.0,1225.0,5.6
290,,2016-03-01,0.36,238.08,5.0,1.89,98.1635,182.1,396522.0,1111.0,5.9
291,18711.702,2016-04-01,0.37,238.992,5.1,1.81,98.4775,183.2,397977.0,1163.0,5.5
292,,2016-05-01,0.37,239.557,4.8,1.81,98.2549,185.3,399587.0,1148.0,5.3
293,,2016-06-01,0.38,240.222,4.9,1.64,98.7315,187.6,404408.0,1203.0,4.9
294,18892.639,2016-07-01,0.39,240.101,4.8,1.5,98.8452,187.7,403560.0,1239.0,5.1
295,,2016-08-01,0.4,240.545,4.9,1.56,98.7427,186.6,403580.0,1171.0,5.1
296,,2016-09-01,0.4,241.176,5.0,1.63,98.6552,186.9,405979.0,1068.0,5.1
297,19089.379,2016-10-01,0.4,241.741,4.9,1.76,98.7237,186.7,407000.0,1313.0,5.3
298,,2016-11-01,0.41,242.026,4.7,2.14,98.3443,186.3,405846.0,1140.0,5.4
299,,2016-12-01,0.54,242.637,4.7,2.49,99.0406,188.2,412437.0,1252.0,5.0
300,19280.084,2017-01-01,0.65,243.618,4.7,2.43,98.8158,190.7,415660.0,1190.0,5.3
301,,2017-02-01,0.66,244.006,4.6,2.42,98.4356,191.6,415563.0,1271.0,5.6
302,,2017-03-01,0.79,243.892,4.4,2.48,99.0492,191.5,414869.0,1190.0,5.6
303,19438.643,2017-04-01,0.9,244.193,4.4,2.3,100.0416,193.0,416613.0,1146.0,5.7
304,,2017-05-01,0.91,244.004,4.4,2.3,100.128,192.8,414253.0,1157.0,6.3
305,,2017-06-01,1.04,244.163,4.3,2.19,100.337,193.6,416255.0,1249.0,6.0
306,19692.595,2017-07-01,1.15,244.243,4.3,2.32,100.0865,193.5,416403.0,1206.0,6.0
307,,2017-08-01,1.16,245.183,4.4,2.21,99.6323,193.8,416861.0,1159.0,6.1
308,,2017-09-01,1.15,246.435,4.3,2.2,99.7482,194.8,426256.0,1181.0,5.9
309,20037.088,2017-10-01,1.15,246.626,4.2,2.36,100.9893,194.9,426561.0,1257.0,6.0
310,,2017-11-01,1.16,247.284,4.2,2.35,101.2493,195.9,431085.0,1273.0,5.6
311,,2017-12-01,1.3,247.805,4.1,2.4,101.4871,196.3,433299.0,1177.0,5.0
312,20328.553,2018-01-01,1.41,248.859,4.0,2.58,101.4852,197.9,431006.0,1299.0,5.7
313,,2018-02-01,1.42,249.529,4.1,2.86,101.7319,199.3,433647.0,1277.0,5.8
314,,2018-03-01,1.51,249.577,4.0,2.84,102.1943,199.3,432774.0,1318.0,5.9
315,20580.912,2018-04-01,1.69,250.227,4.0,2.87,103.3551,200.3,434998.0,1276.0,6.0
316,,2018-05-01,1.7,250.792,3.8,2.98,102.381,203.2,440091.0,1357.0,6.0
317,,2018-06-01,1.82,251.018,4.0,2.91,103.2256,204.2,437762.0,1192.0,6.3
318,20798.73,2018-07-01,1.91,251.214,3.8,2.89,103.3561,204.3,440024.0,1208.0,6.5
319,,2018-08-01,1.91,251.663,3.8,2.89,104.0585,203.4,439439.0,1288.0,6.6
320,,2018-09-01,1.95,252.182,3.7,3.0,104.1038,203.6,438880.0,1250.0,6.8
321,20917.867,2018-10-01,2.19,252.772,3.8,3.15,103.9297,204.6,443924.0,1221.0,6.7
322,,2018-11-01,2.2,252.594,3.8,3.12,104.0126,202.3,445847.0,1181.0,6.5
323,,2018-12-01,2.27,252.767,3.9,2.83,104.0451,201.0,435613.0,1095.0,8.4
324,21111.6,2019-01-01,2.4,252.561,4.0,2.71,103.3598,199.1,438860.0,1226.0,8.4
325,,2019-02-01,2.4,253.319,3.8,2.68,102.8251,199.2,439249.0,1121.0,8.5
326,,2019-03-01,2.41,254.277,3.8,2.57,102.8361,200.8,446687.0,1191.0,7.9
327,21397.938,2019-04-01,2.42,255.233,3.7,2.53,102.2748,202.1,446833.0,1272.0,7.6
328,,2019-05-01,2.39,255.296,3.6,2.4,102.4176,201.7,449524.0,1293.0,7.3
329,,2019-06-01,2.38,255.213,3.6,2.07,102.5425,200.3,449409.0,1243.0,7.1
330,21717.171,2019-07-01,2.4,255.802,3.7,2.06,102.0057,200.7,453221.0,1240.0,6.8
331,,2019-08-01,2.13,256.036,3.6,1.63,102.7814,199.2,456082.0,1375.0,6.9
332,,2019-09-01,2.04,256.43,3.5,1.7,102.4601,198.4,452230.0,1311.0,7.0
333,21933.217,2019-10-01,1.83,257.155,3.6,1.71,101.5878,198.6,453365.0,1325.0,7.1
334,,2019-11-01,1.55,257.879,3.6,1.81,102.1494,199.0,456587.0,1353.0,6.9
335,,2019-12-01,1.55,258.63,3.6,1.86,101.9421,199.0,457253.0,1548.0,6.2
336,21727.657,2020-01-01,1.55,258.906,3.6,1.76,101.3372,199.3,456420.0,1578.0,7.0
337,,2020-02-01,1.58,259.246,3.5,1.5,101.6718,196.7,456401.0,1537.0,7.5
338,,2020-03-01,0.65,258.15,4.4,0.87,97.606,193.1,429196.0,1252.0,12.4
339,19935.444,2020-04-01,0.05,256.126,14.8,0.66,84.6812,185.5,376918.0,931.0,32.0
340,,2020-05-01,0.05,255.848,13.2,0.67,86.0108,188.6,443726.0,1053.0,22.8
341,,2020-06-01,0.08,257.004,11.0,0.73,91.6745,191.2,473811.0,1254.0,18.4
342,21684.551,2020-07-01,0.09,258.408,10.2,0.62,95.0037,193.0,480116.0,1523.0,17.8
343,,2020-08-01,0.1,259.366,8.4,0.65,95.9294,194.3,482243.0,1401.0,13.9
344,,2020-09-01,0.09,259.951,7.8,0.68,95.8914,195.5,491386.0,1463.0,13.1
345,22068.767,2020-10-01,0.09,260.249,6.8,0.79,96.5256,196.5,489705.0,1543.0,12.6
346,,2020-11-01,0.09,260.895,6.7,0.87,96.9529,198.3,487287.0,1553.0,11.8
347,,2020-12-01,0.09,262.005,6.7,0.93,98.2039,200.5,495533.0,1635.0,11.8
348,22656.793,2021-01-01,0.09,262.518,6.4,1.08,98.8135,204.8,511693.0,1639.0,19.2
349,,2021-02-01,0.08,263.583,6.2,1.26,95.5072,210.6,498200.0,1407.0,12.6
350,,2021-03-01,0.07,264.91,6.1,1.61,98.1929,215.0,550963.0,1668.0,25.9
351,23368.861,2021-04-01,0.07,266.752,6.1,1.64,98.3317,217.9,554420.0,1492.0,12.0
352,,2021-05-01,0.06,268.452,5.8,1.62,99.1867,224.9,545289.0,1607.0,9.6
353,,2021-06-01,0.08,270.664,5.9,1.52,99.6483,228.9,548693.0,1638.0,8.4
354,23921.991,2021-07-01,0.1,271.994,5.4,1.32,100.0668,231.85,537817.0,1600.0,9.2
355,,2021-08-01,0.09,272.789,5.1,1.28,100.0412,233.415,542140.0,1595.0,8.4
356,,2021-09-01,0.08,273.887,4.7,1.37,98.9955,235.678,545726.0,1563.0,7.2
357,24777.038,2021-10-01,0.08,276.434,4.5,1.58,100.3542,240.465,555517.0,1587.0,6.6
358,,2021-11-01,0.08,278.799,4.1,1.56,101.2684,243.287,562175.0,1704.0,6.1
359,,2021-12-01,0.08,280.808,3.9,1.47,101.1948,241.338,558148.0,1757.0,6.0
360,25215.491,2022-01-01,0.08,282.39,4.0,1.76,101.2146,246.453,571325.0,1712.0,3.6
361,,2022-02-01,0.08,284.535,3.8,1.93,101.8458,252.66,574609.0,1742.0,3.6
362,,2022-03-01,0.2,287.553,3.6,2.13,102.6732,260.014,585912.0,1678.0,2.7
363,25805.791,2022-04-01,0.33,288.764,3.7,2.75,102.9024,265.31,592141.0,1828.0,2.2
364,,2022-05-01,0.77,291.359,3.6,2.9,102.9659,273.251,589282.0,1540.0,2.3
365,,2022-06-01,1.21,294.996,3.6,3.14,102.8224,280.251,593360.0,1542.0,2.0
366,26272.011,2022-07-01,1.68,294.977,3.5,2.9,103.0505,272.274,589039.0,1392.0,3.1
367,,2022-08-01,2.33,295.209,3.6,2.9,103.1703,269.546,590987.0,1520.0,3.1
368,,2022-09-01,2.56,296.341,3.5,3.52,103.5326,267.898,588894.0,1470.0,3.1
369,26734.277,2022-10-01,3.08,297.863,3.6,3.98,103.4442,265.061,595839.0,1440.0,3.2
370,,2022-11-01,3.78,298.648,3.6,3.89,103.1058,263.157,588309.0,1420.0,3.4
371,,2022-12-01,4.1,298.812,3.5,3.62,101.8266,257.897,581749.0,1340.0,3.7
372,27164.359,2023-01-01,4.33,300.356,3.4,3.53,102.7476,260.227,603496.0,1361.0,4.2
373,,2023-02-01,4.57,301.509,3.6,3.75,102.8003,258.669,598274.0,1404.0,4.6
374,,2023-03-01,4.65,301.744,3.5,3.66,102.8143,257.062,590606.0,1342.0,5.3
375,27453.815,2023-04-01,4.83,303.032,3.4,3.46,103.2241,256.908,594962.0,1368.0,5.0
376,,2023-05-01,5.06,303.365,3.7,3.57,102.9809,253.67,596688.0,1583.0,5.2
377,,2023-06-01,5.08,304.003,3.6,3.75,102.3809,253.86,598006.0,1415.0,5.0
378,27967.697,2023-07-01,5.12,304.628,3.5,3.9,103.0722,253.835,599270.0,1473.0,4.6
379,,2023-08-01,5.33,306.187,3.8,4.17,103.0951,257.68,604187.0,1305.0,4.7
380,,2023-09-01,5.33,307.288,3.8,4.38,103.3081,258.934,609181.0,1363.0,4.4
381,28296.967,2023-10-01,5.33,307.531,3.8,4.8,102.5781,255.192,606596.0,1365.0,4.5
382,,2023-11-01,5.33,308.024,3.7,4.5,102.8868,252.856,606035.0,1510.0,4.6
383,,2023-12-01,5.33,308.742,3.7,4.02,102.6309,249.866,608730.0,1568.0,4.4
384,28624.069,2024-01-01,5.33,309.685,3.7,4.06,101.483,251.306,601921.0,1376.0,5.5
385,,2024-02-01,5.33,311.054,3.9,4.21,102.7267,254.926,606720.0,1546.0,5.4
386,,2024-03-01,5.33,312.23,3.8,4.21,102.5186,255.095,610060.0,1299.0,5.2
387,29016.714,2024-04-01,5.33,313.207,3.9,4.54,102.3568,256.978,608458.0,1377.0,5.3
388,,2024-05-01,5.33,313.225,4.0,4.48,103.0711,255.313,610010.0,1315.0,5.2
389,,2024-06-01,5.33,313.049,4.1,4.31,103.2258,255.87,607986.0,1329.0,5.2
390,,2024-07-01,5.33,313.534,4.3,4.25,102.5863,257.337,615960.0,1262.0,4.9
391,,2024-08-01,5.33,314.121,4.2,3.87,102.9329,255.487,615891.0,1361.0,4.8
392,,2024-09-01,5.13,314.686,4.1,3.72,102.6418,252.526,617958.0,1354.0,
